start,stop
616100,722646
917063,917132
917201,1155584
1156178,1234525
1239411,1254010
1260520,1290375
1292202,1293833
1298583,1299969
1301737,1315366
1318663,1448157
1466829,1479061
1479179,1515335
1515545,1574452
1575738,1608989
1609669,1634148
1634387,1643671
1645110,1657260
1668087,1678424
1679256,1756297
1839715,2824097
2825660,2835823
2838711,2967625
2970262,2997556
3016045,3039673
3066110,3080724
3378721,3398558
3406795,3872030
3915390,3934274
4000224,4029479
4057690,4080735
4091336,4142841
4158807,4183581
4202677,4236782
4289194,4325725
4347272,4423921
4492059,4492168
4593859,4637162
4643263,4669266
4706121,4878881
4902665,4964647
4984107,4997758
4997817,5039887
5051586,5070409
5087372,5235627
5265095,5435992
5453416,5474532
5484490,5506391
5514934,5526944
5529334,5685146
5690997,5851064
6000861,6036425
6067010,6079880
6080911,6101627
6108980,6114422
6121007,6154269
6160919,6316939
6327586,6342822
6533626,6591971
6702749,6717715
6718481,6728740
6728868,6746009
6746112,6774667
6776518,6780245
6790473,6805159
6818793,6820904
6826470,6902171
6911852,6913323
6973976,6980816
6989055,7029930
7034569,7067903
7073630,7086437
7117765,7198595
7221391,7263608
7284444,7566429
7622270,7672151
7698897,7721428
7770449,7783057
7800494,7815433
7829315,7832379
7845877,7851108
7878799,7885595
7901567,7902909
7911272,7916095
7933364,7940356
7947058,7952425
7970781,7974899
7992633,8112082
8177291,8178657
8322527,8326023
8354150,8363388
8380978,8385096
8415507,8422522
8441745,8446987
8468384,8471900
8489585,8492590
8510397,8521274
8601762,8605881
8624269,8629630
8636304,8643319
8689220,8692736
8710419,8713395
8731238,8742134
8795776,8834573
8904583,8938783
9021066,9145905
9919544,10473291
10473359,10541305
10568099,10721109
10730722,10751170
10759269,10767484
10777554,10792917
10796927,10845616
10847683,10913205
10938284,10982548
10987097,10989868
11005158,11055595
11057140,11062215
11063318,11068623
11077485,11107415
11127988,11128525
11155041,11261281
11262695,11296958
11311950,11311978
11325062,11327515
11334854,11378152
11378595,11394458
11445163,11476913
11518930,11533435
11552513,11557990
11570890,11673279
11687856,11758250
11761498,11780915
11788262,11813527
11841411,11841484
11853224,11853297
11854681,11856475
11856586,11859000
11866765,11866835
11868491,11868563
11869740,11869813
11883253,11934431
11939082,11965509
11966400,11971246
11999097,11999167
12000832,12000904
12002081,12002154
12012044,12040983
12046392,12046464
12048111,12048181
12061099,12293805
12295330,12302412
12306784,12332754
12339556,12374996
12387587,12440279
12525952,12566832
12569924,12605058
12629021,12684826
12693072,12722526
12727582,12760581
12841158,13018701
13076139,13147889
13428571,13699308
13801755,13806871
13951831,14069691
14160424,14180486
14192255,14223624
14225105,14277157
14392935,14531077
14536489,14572384
14572406,14580953
14586807,14594899
14603388,14609611
14614072,14616561
14623533,14632971
14633071,14653253
14659598,14806397
14917802,14979280
14986111,15000386
15003037,15121089
15134853,15136102
15203219,15233768
15241131,15244441
15296255,15301263
15349003,15412725
15433474,15440390
15460154,15471210
15484815,15496018
15506909,15514273
15611743,15675718
15680625,15749618
15803215,15807059
15820272,15829005
15873263,15875844
15909775,15939731
15954279,15972335
15972591,15982368
15984838,16038648
16040556,16053661
16063502,16108130
16127116,16497712
16538071,16666365
16743932,16748631
16756164,16756940
16760914,16805724
16830189,16899236
16917039,16990187
16999123,17104019
17133089,17258081
17297749,17333366
17346038,17352046
17373451,17413767
17438129,17464716
17772675,17851981
17884335,17924418
17957449,17960506
17964449,17968934
17974013,17982360
18031662,18236154
18238114,18241678
18331658,18336674
18340272,18404515
18404847,18498632
18512719,18515553
18630607,18665184
18680272,18692661
18701886,18745592
18749387,18805388
18827251,18852043
18878752,18880616
18902316,18961387
19012600,19017246
19064187,19099118
19099207,19109053
19111977,19116360
19116420,19121625
19122698,19159441
19165903,19189190
19194791,19234148
19249891,19249968
19280632,19284280
19285749,19301284
19315257,19315288
19376862,19432996
19440592,19464106
19474978,19508096
19521061,19532511
19573054,19573089
19574099,19574134
19640143,19735918
19736576,19793804
19817154,19857841
19876898,19930149
19963925,19994103
20066091,20165146
20220333,20285943
20543098,20553344
20563071,20658987
20659120,20751014
20751719,20821029
20864407,20889708
20938290,21105589
21120998,21139044
21140728,21153764
21154828,21180179
21182306,21192075
21205008,21227699
21280589,21318979
21342602,21357285
21358845,21366935
21372127,21388456
21431987,21446370
21479842,21483450
21490719,21491695
21498312,21510706
21511450,21523364
21546142,21550662
21555024,21599630
21600544,21602344
21603104,21641345
21642681,21674952
21682456,21693597
21731600,21750550
21753104,21792126
21793233,21797464
21850580,21895851
22016853,22102932
22108785,22119225
22139868,22386365
22419631,22475952
22528097,22528199
22555338,22629455
22642967,22657222
22662814,22674754
22676001,22687668
22689932,22695646
22699927,22704136
22713479,22716648
22725065,22811009
22855087,22924692
22933132,22956058
22986903,22993055
23046821,23083754
23094025,23145294
23151583,23172514
23193386,23207524
23212380,23235567
23255835,23279994
23280835,23288935
23291186,23409479
23468008,23514778
23521121,23553873
23556933,23558947
23561874,23561895
23580294,23603333
23649844,23656809
23690424,23821212
23826786,23860039
23873860,23902714
23913043,23915419
23923940,23963935
23969443,23969577
23989571,24036446
24057464,24090618
24132985,24184539
24207934,24444752
24468581,24502968
24513716,24551785
24557359,24647656
25481130,25504787
26178455,26193924
26199646,26225014
26336644,26375811
26398684,26533094
26646923,26707065
26726746,26763975
26764173,26832111
26832431,26840254
26876743,26901858
26966170,26968498
26978367,26984177
27036417,27047618
27077632,27105169
27112179,27164099
27187049,27223979
27250356,27275911
27366353,27398319
27473626,27520791
27532834,27562798
27567975,27636499
27639676,27658217
27660533,27665322
27665567,27668619
27669026,27691536
27691592,27701642
27707149,27708792
27711171,27746097
27752039,27793555
27793761,27796171
27821202,27822175
27822193,27824255
27825036,27854393
27924989,28110516
28111080,28162692
28201843,28234902
28235171,28318811
28322200,28332413
28346429,28361284
28396381,28424617
28447007,28496843
28541045,28580462
28601803,28603162
28605334,28642002
28716505,28760651
28766698,28781030
28783555,28890946
28932563,28956326
28973940,29625774
29626955,29679062
30214979,30218444
30219673,30223656
30238495,30238578
30241121,30246298
30252502,30255679
30310294,30319748
30325368,30365315
30435631,30491900
30539303,30575786
30636312,30640414
30643532,30653074
30728899,30881876
30893422,31026711
31029744,31101776
31173808,31179121
31192044,31229882
31268159,31317821
31329740,31384230
31385764,31389541
31390650,31516394
31544007,31548207
31548784,31553864
31555175,31560181
31596501,31615985
31616134,31640772
31684348,31765288
31766325,31784815
31799556,31845816
31853362,31857824
31877838,31910417
31915693,31924371
31925975,31943246
32255459,32494175
32621495,32621566
32914811,32934375
32934450,32944309
32949892,32974751
32994381,33014276
33016851,33055917
33071282,33094926
33141573,33152219
33152404,33169722
33173884,33225155
33254105,33261609
33262945,33269457
33269570,33319623
33320700,33407060
33416983,33450092
33456773,33465518
33472715,33484828
33503854,33506781
33549234,33549332
33669037,33674770
34298200,34341629
34345810,34401787
34451247,34466068
34486298,34494639
34541420,34947141
34951649,35019701
35020816,35036852
35083434,35099679
35119124,35132041
35138976,35151420
35198848,35248864
35301037,35343508
35355427,35362018
35415115,35429959
35500586,35532652
35532713,35557473
35621372,35700924
35707904,35711696
35718053,35754187
35760494,35777391
35833709,35883329
35910105,35923721
35937633,35956346
35968764,35976545
35991564,36008172
36080683,36125655
36149083,36231607
36244015,36300455
36321059,36322349
36341645,36341758
36439338,36472566
36474593,36702146
36926939,36927030
36938777,36944675
36966367,37495927
37613423,37615826
37622693,37624726
37636541,37795879
37840799,37884231
37890332,37916269
37916504,37920417
37923356,38114666
38118379,38136760
38138688,38141661
38142397,38162351
38193095,38200256
38206337,38227086
38227247,38235744
38247992,38258232
38267054,38304991
38306575,38312477
38317624,38348791
38385377,38443360
38483551,38483639
38580150,38606289
38607925,38616398
38624176,38734004
38741888,38745619
38760897,38785883
38797806,38814466
38818957,38823204
38823399,38828076
38843910,38849814
38849887,38914249
38990878,39083674
39110128,39391168
39393323,39397243
39406809,39428025
39429984,39433374
39434933,39438303
39439205,39451174
39451503,39491495
39508361,39595140
39673456,39680682
39681073,39815270
39865291,40111727
40113832,40134430
40134725,40185594
40199821,40227769
40235577,40238743
40243588,40247757
40260367,40267288
40268485,40274132
40279847,40302947
40310525,40446725
40462551,40471358
40472136,40475672
40476407,40666581
40763913,40765622
40786876,40788677
40789245,40951171
40953929,40960082
40960187,40982893
41010786,41030054
41043991,41078909
41080047,41084062
41087307,41146633
41148178,41210816
41263616,41496127
41500143,41645965
41648684,41681259
41707698,41763369
41763711,41776778
41800180,41825155
41854270,41873851
41893830,41905705
41966999,41974217
41998699,42076894
42092742,42179067
42259001,42279352
42303098,42360478
42389177,42401487
42421367,42510754
42527491,42578323
42597438,42608857
42639253,42640342
42643592,42650102
42676294,42774150
42793800,42838842
42853781,42855546
42876075,42878055
42892138,42894644
42896020,42900694
43220531,43456893
43561718,43642431
43682688,43708647
43755375,43932207
43992858,45483957
45508017,45661871
45877554,45883450
45901266,46420267
46427939,46434640
46562237,46608085
46696276,46733450
46747261,46805116
46814266,46979326
46998628,46998732
47037182,47338940
47367959,47450767
47455744,47456043
47480135,47516174
47516188,47550719
47602097,47806689
47810596,47826208
47832832,47864474
47864550,47878323
47883279,48013461
48062374,48069054
48093397,48129670
48146345,48158369
48186462,48287344
48302514,48354578
48355913,48387182
48387232,48511620
48522055,48545505
48547182,48602620
48656432,48680620
48686895,48788152
48788236,48797220
48898374,48900024
48919403,48927489
48966237,49194208
49225465,49298556
49311723,49349818
49354192,49371090
49381565,49405619
49406330,49428172
49467302,49478190
49491680,49513442
49513605,49572523
49598999,49613010
49632358,49660077
49660171,49678387
49685435,49866399
50002261,50094748
50101758,50202659
50216902,50224557
50241083,50261272
50266067,50302268
50309631,50348214
50417873,50417945
50440796,50452297
50458948,50468796
50499480,50524857
50526363,50675370
50675412,50677459
50685645,50685727
50836530,50836856
50944875,50944976
51041041,51195006
51954750,52039588
52105321,52175339
52178808,52279700
52283685,52286924
52314774,52378225
52389214,52426019
52457910,54006777
54035426,54037497
54114742,54160078
54240794,54244116
54245154,54359715
54591939,54606810
54756956,55222733
55232798,55248832
55274794,55336381
55353311,55386754
55449155,55533773
56119634,56285587
56400247,56430779
56537277,56922791
57114245,57116131
57141050,57185426
57202480,57638678
57654805,57672332
57696168,57779414
57896306,57911806
57914728,58148370
58244108,58325272
58619085,58777232
58783061,58785128
58793761,58793822
58827592,58898564
58900772,58983275
58983344,59032695
59053278,59120247
59234021,59641510
59663821,59704358
59930807,60153072
60205109,60426950
60439591,60462490
60482982,60483088
60517769,60517856
60518448,60518522
60607563,60692159
60714476,60875883
60880462,61097507
61252524,61834593
61994156,62205099
62212471,62239061
62257755,62261273
62272903,62384901
62384909,62448633
62459346,62514411
62552190,62594985
62598921,62719981
62767378,62856914
62867824,62890454
63145191,63148352
63161480,63692615
63888838,63909973
63934166,63998641
65027199,65583502
65604816,65665692
65665696,65712032
65719016,65814748
65814824,65828036
65871232,65899865
66166467,66246482
66312367,66541303
66541338,66697737
66862956,67742736
68766184,68798891
69486033,69658202
69658227,70004447
70028126,70133753
70165503,70226691
70588450,70621549
70662147,71183052
71184374,71223686
71246210,71255106
71256887,71373254
71378889,71392447
71534720,72091000
72327517,72525725
72548998,72679463
72741993,73019985
73024521,73143435
73156005,73219895
73239640,73339556
73348531,73403909
73406498,73439108
73439265,73477326
73505920,73597443
73689614,73829478
73951059,74000717
74080419,74106161
74109808,74124094
74147076,74147159
74349780,74466826
76766176,77452438
78433897,78446222
78906068,78914785
79035802,79459164
79537967,79698512
79737335,79737471
79758380,79810812
79824972,79857907
79858546,79875022
79939251,80013098
80013135,80034494
80088244,80095034
80103721,80150771
80273417,80353227
80385597,80457127
80478096,80508554
80522324,80593152
80593808,80593887
80617687,80661059
80709968,80719686
80725791,81038377
81040775,81043979
81109437,81168447
81189247,81616777
81806838,81856356
81884100,81916571
81928726,81960305
82007090,82040763
82094290,82115390
82164584,82208198
82322459,82374438
82374666,82629217
82771908,82772007
82788482,82808938
82813541,82831669
82913254,82913387
83937842,83938141
83999067,84296269
84312652,84351632
84395787,84452974
84466691,84482880
84512318,84525374
84566174,84636054
84641162,84658964
84718965,84732875
84749272,84750376
84823767,84848050
84867569,84884824
84984728,85057751
85084739,85092784
85092975,85179425
85280904,85396320
85447603,85447834
85453155,85454856
85455009,85488425
86171910,86177125
86289435,86311506
86375188,86482143
86720654,86864757
86960735,86985652
87140231,87365890
87409259,87474316
87489864,87523424
87540193,87607732
87626940,87644611
87677904,87705698
87706286,87848063
87934649,87946764
87968584,88252292
88291925,88421410
88539123,88598969
88609630,88640577
88640612,88738618
88769997,88805699
88805809,88822479
88908019,89014549
89021674,89307037
89307460,89307544
89312124,89314218
89329345,89339093
89346921,89369343
89452725,89581036
89609734,89734955
89878264,89978550
89989063,90001744
90117420,90280165
90280229,90355134
90356838,90387066
90387915,90423157
90442610,90532838
90544339,90544450
90552404,90707112
90934624,90939243
90964863,90964946
90970227,90975351
92155743,92156054
92181506,92274936
92537631,93380946
93447887,93509580
93670598,93732545
94121567,94220387
94350132,94608739
94724179,94769469
95105762,95154428
95168590,95225680
95309971,95383910
95428332,95486865
95498120,95543260
95543433,95592842
95593037,95638160
95646809,95709740
95726045,95752656
95804915,95980164
95998059,96001914
96086937,96106891
96179527,96198932
96332259,96355066
96355963,96441642
96449511,96547150
96696636,96701407
96740785,96740904
96800756,96800782
97262458,97457121
98336354,98568383
99062909,99147423
99154330,99162731
99192472,99201504
99224371,99233404
99251706,99256823
99286610,99295642
99609976,99614024
